{"personaMultada":"7777","descripcion":"El conjunto residencial Hojas Cafes genera la multa con identificación 77777777 en la fecha 7777 con las siguientes especificaciones: Fecha del evento: 7, propiedad: 7, persona multada: 7777. Descripción del evento: 7, evento: 7, valor de la multa: 7, fecha máxima de pago: 7. Observaciones: 7.","fechaEventoMulta":"7","idPropiedad":"7","evento":"7","descripcionEvento":"7","identificacion":"77777777","fechaEmision":"7777","valorMulta":"7","observacion":"7","fechaMaxPago":"7"}